<edmx:Edmx xmlns:edmx="http://schemas.microsoft.com/ado/2007/06/edmx"
	xmlns:m="http://schemas.microsoft.com/ado/2007/08/dataservices/metadata" xmlns:sap="http://www.sap.com/Protocols/SAPData" Version="1.0">
	<edmx:DataServices m:DataServiceVersion="2.0">
		<Schema xmlns="http://schemas.microsoft.com/ado/2008/09/edm" Namespace="ZTX_CAD_PESSOA_SRV_01" xml:lang="pt" sap:schema-version="1">
			<EntityType Name="CadPessoa" sap:content-version="1">
				<Key><PropertyRef Name="Id"/></Key><Property Name="Id" Type="Edm.String" Nullable="false" MaxLength="8" sap:label="Nº pessoal"/><Property Name="Nome" Type="Edm.String" Nullable="false" MaxLength="70" sap:label="Nome e sobrenome"/><Property Name="Cpf" Type="Edm.String" Nullable="false" MaxLength="11" sap:label="Campo de texto numérico de comprimento 11"/><Property Name="Rg" Type="Edm.String" Nullable="false" MaxLength="11" sap:label="Campo de texto numérico de comprimento 11"/><Property Name="DtNascimento" Type="Edm.DateTime" Nullable="false" Precision="7" sap:label="Data"/></EntityType>
			<EntityContainer Name="ZTX_CAD_PESSOA_SRV_01_Entities" m:IsDefaultEntityContainer="true" sap:supported-formats="atom json xlsx"><EntitySet Name="CadPessoaSet" EntityType="ZTX_CAD_PESSOA_SRV_01.CadPessoa" sap:searchable="true" sap:pageable="false"
				sap:content-version="1"/></EntityContainer><atom:link xmlns:atom="http://www.w3.org/2005/Atom" rel="self" href="./sap/ZTX_CAD_PESSOA_SRV_01/$metadata"/><atom:link xmlns:atom="http://www.w3.org/2005/Atom" rel="latest-version" href="./sap/ZTX_CAD_PESSOA_SRV_01/$metadata"/></Schema>
	</edmx:DataServices>
</edmx:Edmx>