<edmx:Edmx xmlns:edmx="http://docs.oasis-open.org/odata/ns/edmx" Version="4.0">
	<edmx:Reference Uri="/sap/opu/odata/sap/ZNEW_SRV/$metadata">
		<edmx:Include Alias="Metadata" Namespace="ZNEW_SRV"/>
	</edmx:Reference>
	<edmx:Reference Uri="https://wiki.scn.sap.com/wiki/download/attachments/448470968/UI.xml?api=v2">
		<edmx:Include Alias="UI" Namespace="com.sap.vocabularies.UI.v1"/>
	</edmx:Reference>
	<edmx:DataServices>
		<Schema xmlns="http://docs.oasis-open.org/odata/ns/edm" Namespace="ZSflight_dash.annotation0.ZNEW_SRV">
			<Annotations Target="Metadata.sflight_chart">
				<Annotation Term="UI.Chart">
					<Record Type="UI.ChartDefinitionType">
						<PropertyValue Property="ChartType" EnumMember="UI.ChartType/Column"/>
						<PropertyValue Property="Measures">
							<Collection>
								<PropertyPath>Businessoccupiedseats</PropertyPath>
							</Collection>
						</PropertyValue>
						<PropertyValue Property="MeasureAttributes">
							<Collection>
								<Record Type="UI.ChartMeasureAttributeType">
									<PropertyValue Property="Measure" PropertyPath="Businessoccupiedseats"/>
									<PropertyValue Property="Role" EnumMember="UI.ChartMeasureRoleType/Axis1"/>
								</Record>
							</Collection>
						</PropertyValue>
						<PropertyValue Property="Dimensions">
							<Collection>
								<PropertyPath>Flightcode</PropertyPath>
							</Collection>
						</PropertyValue>
						<PropertyValue Property="DimensionAttributes">
							<Collection>
								<Record Type="UI.ChartDimensionAttributeType">
									<PropertyValue Property="Dimension" PropertyPath="Flightcode"/>
									<PropertyValue Property="Role" EnumMember="UI.ChartDimensionRoleType/Category"/>
								</Record>
							</Collection>
						</PropertyValue>
					</Record>
				</Annotation>
			</Annotations>
		</Schema>
	</edmx:DataServices>
</edmx:Edmx>