{
  "di.code-validation.core_issues.json": 1598710426376,
  "controller/Docs.controller.js": 1598699552000,
  "test/unit/controller/App.controller.js": 1598699552000,
  "test/integration/pages/App.js": 1598699552000,
  "test/integration/arrangements/Startup.js": 1598699552000,
  "test/unit/unitTests.qunit.js": 1598699552000,
  "test/unit/AllTests.js": 1598699552000,
  "test/integration/opaTests.qunit.js": 1598699552000,
  "test/integration/NavigationJourney.js": 1598699552000,
  "test/integration/AllJourneys.js": 1598699552000,
  "test/testsuite.qunit.js": 1598699552000,
  "model/models.js": 1598699552000,
  "manifest.json": 1598710422782,
  "controller/Detalhes.controller.js": 1598699552000,
  "controller/App.controller.js": 1598699552000,
  "serviceBinding.js": 1598699550000,
  "Component.js": 1598699550000,
  "manifest-bundle.zip": 1598710422809,
  "Component-preload.js": 1598710423035,
  "test/integration/arrangements/Startup-dbg.js": 1598699552000,
  "test/integration/pages/App-dbg.js": 1598699552000,
  "test/unit/controller/App-dbg.controller.js": 1598699552000,
  "test/unit/unitTests.qunit-dbg.js": 1598699552000,
  "test/unit/AllTests-dbg.js": 1598699552000,
  "test/integration/opaTests.qunit-dbg.js": 1598699552000,
  "test/integration/NavigationJourney-dbg.js": 1598699552000,
  "test/integration/AllJourneys-dbg.js": 1598699552000,
  "test/testsuite.qunit-dbg.js": 1598699552000,
  "model/models-dbg.js": 1598699552000,
  "controller/Docs-dbg.controller.js": 1598699552000,
  "controller/Detalhes-dbg.controller.js": 1598699552000,
  "controller/App-dbg.controller.js": 1598699552000,
  "serviceBinding-dbg.js": 1598699550000,
  "Component-dbg.js": 1598699550000,
  "neo-app.json": 1598710423153,
  "i18n/i18n.properties": 1598699552000,
  "resources.json": 1598710426389,
  "test/unit/unitTests.qunit.html": 1598699552000,
  "test/integration/opaTests.qunit.html": 1598699552000,
  "view/Docs.view.xml": 1598699552000,
  "view/Detalhes.view.xml": 1598699552000,
  "view/App.view.xml": 1598699552000,
  "test/testsuite.qunit.html": 1598699552000,
  "localService/metadata.xml": 1598699552000,
  "css/style.css": 1598699552000,
  "index.html": 1598699550000
}