<edmx:Edmx xmlns:edmx="http://schemas.microsoft.com/ado/2007/06/edmx"
	xmlns:m="http://schemas.microsoft.com/ado/2007/08/dataservices/metadata" xmlns:sap="http://www.sap.com/Protocols/SAPData" Version="1.0">
	<edmx:DataServices m:DataServiceVersion="2.0">
		<Schema xmlns="http://schemas.microsoft.com/ado/2008/09/edm" Namespace="ZTX_CAD_PESSOA_SRV" xml:lang="pt" sap:schema-version="1">
			<EntityType Name="CadPessoa" sap:content-version="1">
				<Key><PropertyRef Name="IdPessoa"/></Key><Property Name="IdPessoa" Type="Edm.String" Nullable="false" MaxLength="8" sap:label="Nº pessoal" sap:sortable="false"/><Property Name="Nome" Type="Edm.String" Nullable="false" MaxLength="70" sap:label="Nome e sobrenome" sap:sortable="false"/><Property Name="Cpf" Type="Edm.String" Nullable="false" MaxLength="11" sap:label="Campo de texto numérico de comprimento 11"
					sap:sortable="false"/><Property Name="Rg" Type="Edm.String" Nullable="false" MaxLength="11" sap:label="Campo de texto numérico de comprimento 11"
					sap:sortable="false"/><Property Name="DtNascimento" Type="Edm.DateTime" Nullable="false" Precision="7" sap:label="Data nasc." sap:sortable="false"/><Property Name="IdGenero" Type="Edm.String" Nullable="false" MaxLength="2" sap:label="Gênero" sap:sortable="false"/><Property Name="Email" Type="Edm.String" Nullable="false" MaxLength="50" sap:label="c" sap:sortable="false"/><Property Name="Rua" Type="Edm.String" Nullable="false" MaxLength="50" sap:label="c" sap:sortable="false"/><Property Name="NumeroCasa" Type="Edm.String" Nullable="false" MaxLength="7" sap:label="NUMERO_CASA" sap:sortable="false"/><Property Name="Bairro" Type="Edm.String" Nullable="false" MaxLength="30" sap:label="30 caracteres" sap:sortable="false"/><Property Name="Regio" Type="Edm.String" Nullable="false" MaxLength="3" sap:label="Região" sap:sortable="false"/><Property Name="Pais" Type="Edm.String" Nullable="false" MaxLength="3" sap:label="País" sap:sortable="false"/><Property Name="Erdat" Type="Edm.DateTime" Nullable="false" Precision="7" sap:label="Data de criação" sap:sortable="false"/><Property Name="Erzet" Type="Edm.Time" Nullable="false" Precision="0" sap:label="Hora registro" sap:sortable="false"/><Property Name="Ernam" Type="Edm.String" Nullable="false" MaxLength="12" sap:label="Criado por" sap:sortable="false"/><Property Name="Aedat" Type="Edm.DateTime" Nullable="false" Precision="7" sap:label="Modificado em" sap:sortable="false"/><Property Name="Aetim" Type="Edm.Time" Nullable="false" Precision="0" sap:label="Hora modif." sap:sortable="false"/><Property Name="Aenam" Type="Edm.String" Nullable="false" MaxLength="12" sap:label="Modificado por" sap:sortable="false"/><Property Name="Eliminado" Type="Edm.String" Nullable="false" MaxLength="1" sap:label="Marc.p/eliminar" sap:sortable="false"/></EntityType>
			<EntityContainer Name="ZTX_CAD_PESSOA_SRV_Entities" m:IsDefaultEntityContainer="true" sap:supported-formats="atom json xlsx"><EntitySet Name="CadPessoaSet" EntityType="ZTX_CAD_PESSOA_SRV.CadPessoa" sap:creatable="false" sap:updatable="false" sap:deletable="false"
				sap:pageable="false" sap:content-version="1"/></EntityContainer><atom:link xmlns:atom="http://www.w3.org/2005/Atom" rel="self" href="./sap/ZTX_CAD_PESSOA_SRV/$metadata"/><atom:link xmlns:atom="http://www.w3.org/2005/Atom" rel="latest-version" href="./sap/ZTX_CAD_PESSOA_SRV/$metadata"/></Schema>
	</edmx:DataServices>
</edmx:Edmx>